Yang Liu,8
Ariel D. Procaccia,6
Bo An,6
Doina Precup,6
Heng Huang,6
Ming Zhou,6
Wei Zhang,6
Weinan Zhang,6
Wenwu Zhu,6
Andreas Krause,5
Bo Chen,5
Dacheng Tao,5
Erik Cambria,5
Fei Wu,5
Jun Zhu,5
Jungong Han,5
Ping Luo,5
Rama Chellappa,5
Song-Chun Zhu,5
Tieniu Tan,5
Xiaochun Cao,5
Yang Yang,5
Yun Fu,5
Zhi-Hua Zhou,5
Baobao Chang,4
Bryan Wilder,4
Dongyan Zhao,4
Fen Lin,4
Furu Wei,4
Guiguang Ding,4
Huan Liu,4
Jie Zhang,4
Jun Wang,4
Lawrence Carin,4
Lei Sha,4
Li Zhao,4
Longbing Cao,4
Louis-Philippe Morency,4
Milind Tambe,4
Minlie Huang,4
Peng Cui,4
Peter Stone,4
Pierre-Luc Bacon,4
Ran He,4
Rui Yan,4
Stefano Ermon,4
Wei Liu,4
Yong Yu,4
Yu Zhang,4
Zhifang Sui,4
Zhiyuan Liu,4
Adish Singla,3
Akshat Kumar,3
Alejandro Molina,3
Ashish Sabharwal,3
Bin Gu,3
Boi Faltings,3
Boris Motik,3
Chang Xu,3
Changqing Zhang,3
Chao Xu,3
Dahua Lin,3
Dominik Peters,3
Edith Elkind,3
Enhong Chen,3
Fabio Ramos,3
Feiping Nie,3
Gerard de Melo,3
Hao Zhou,3
Haris Aziz,3
Heng Tao Shen,3
Ivor W. Tsang,3
Jian Tang,3
Jian Zhang,3
Jianmin Wang,3
Jiashi Feng,3
Jiawei Han,3
Jing Qin,3
Jingkuan Song,3
John P. Dickerson,3
Jufeng Yang,3
Jun Zhou,3
Junsong Yuan,3
Kristian Kersting,3
Le Song,3
Liang Lin,3
Liang Zhao,3
Lianli Gao,3
Lina Yao,3
Ling Chen,3
Lingxiao Song,3
Luu Anh Tuan,3
Maosong Sun,3
Martin Lackner,3
Min Zhang,3
Ming-Ming Cheng,3
Mingsheng Long,3
Nicola Gatti,3
Pong C. Yuen,3
Qi Liu,3
Qiang Yang,3
Qianqian Xu,3
Qingming Huang,3
Risheng Liu,3
Sheng Li,3
Sinno Jialin Pan,3
Siu Cheung Hui,3
Song Wang,3
Soujanya Poria,3
Taylor Berg-Kirkpatrick,3
Ting Liu,3
Victor O.K. Li,3
Wei Wu,3
Wenjie Li,3
Xiang Wu,3
Xianglong Liu,3
Xiaoqing Zheng,3
Xibin Zhao,3
Xinbo Gao,3
Xinwang Liu,3
Xuanjing Huang,3
Yexiang Xue,3
Yi Tay,3
Yu Wu,3
Yue Gao,3
Yuyi Wang,3
Zhaoxiang Zhang,3
Zhe Wang,3
Zheng Wang,3
Zhengming Ding,3
Zhihui Li,3
Zhoujun Li,3
Zhouyuan Huo,3
Abdallah Saffidine,2
Aditya Grover,2
Ahmed Elgammal,2
Alex Fukunaga,2
Alexander Ihler,2
Alexey Ignatiev,2
Amir Zadeh,2
Amrita Saha,2
Andrea Passerini,2
Anil Vullikanti,2
Ann Nowé,2
Anna Harutyunyan,2
Anson Kahng,2
Antonio Vergari,2
Arvind Agarwal,2
Avinatan Hassidim,2
Ayumi Igarashi,2
Biao Leng,2
Bilal Piot,2
Bin Wang,2
Bing Liu,2
Bingbing Ni,2
Bruno Ribeiro,2
Bruno Zanuttini,2
Can Xu,2
Carla Gomes,2
Chao Zhang,2
Chen Change Loy,2
Cheng Deng,2
Cheng Li,2
Cheng Zhang,2
Chengqing Zong,2
Chuang Gan,2
Chunhua Shen,2
Chunyan Miao,2
Costas J. Spanos,2
Dan Horgan,2
Dan Roth,2
Dan Wang,2
David Meger,2
Defu Lian,2
Devendra Singh Chaplot,2
Di Jin,2
Dinghan Shen,2
Dongwon Lee,2
Dongxiao He,2
Doug Downey,2
Dragomir Radev,2
Duyu Tang,2
Eldad Haber,2
Elias Bareinboim,2
Elliot Holtham,2
Fang Liu,2
Feng Qian,2
Feng Zheng,2
Finale Doshi-Velez,2
Floriana Esposito,2
Gagan Bansal,2
Ganbin Zhou,2
Ganesh Ramakrishnan,2
Gerhard Brewka,2
Giuseppe De Giacomo,2
Goran Radanovic,2
Guanbin Li,2
Guni Sharon,2
Guodong Long,2
Hai Wan,2
Haipeng Chen,2
Han Cai,2
Han Zou,2
Hang Su,2
Hao Chen,2
Hao Yang,2
Hao Zhang,2
Haofen Wang,2
Haoyuan Peng,2
He Guan,2
Heyan Huang,2
Hongkai Xiong,2
Honglak Lee,2
Hongwei Wang,2
Hongyuan Zha,2
Houqiang Li,2
Hsuan-Tien Lin,2
Hua Zhang,2
Hui Ding,2
Hwee Tou Ng,2
Ian Horrocks,2
Ian Reid,2
Il-Chul Moon,2
In So Kweon,2
J. Christopher Beck,2
James G. Scott,2
Jesse Davis,2
Jesse Thomason,2
Jia Wu,2
Jiajun Zhang,2
Jianfeng Gao,2
Jiang Bian,2
Jiangtao Feng,2
Jianhuang Lai,2
Jianlong Fu,2
Jiatao Gu,2
Jie Liang,2
Jie Yang,2
Jiebo Luo,2
Jiechao Xiong,2
Jieping Ye,2
Jin Huang,2
Jing Jiang,2
Jing Wang,2
Jingjing Meng,2
Jinlan Fu,2
Jinqiao Wang,2
Jinsong Su,2
Jizheng Xu,2
Joao Marques-Silva,2
Joelle Pineau,2
Jose Cadena,2
Joseph Y. Halpern,2
Jun Guo,2
Jun Zhao,2
Junchi Yan,2
Jundong Li,2
Junge Zhang,2
Junying Zhou,2
Kai Li,2
Kai Wang,2
Kaiqi Huang,2
Kamil Ciosek,2
Kang Liu,2
Kang Zheng,2
Karthik Sankaranarayanan,2
Kenneth Forbus,2
Kewen Wang,2
Kian Hsiang Low,2
Kris M. Kitani,2
Kun Zhang,2
Lars Ruthotto,2
Lei Zhang,2
Li Deng,2
Li Guo,2
Liang He,2
Liang Hu,2
Lihua Xie,2
Lili Mou,2
Ling Shao,2
Linpeng Huang,2
Liqiang Nie,2
Lu Liu,2
Luc Van Gool,2
Man Lan,2
Mang Ye,2
Martin Renqiang Min,2
Masakazu Ishihata,2
Matthias Scheutz,2
Meishan Zhang,2
Melody Y. Guan,2
Mengchen Zhao,2
Miao Zhao,2
Michael Katz,2
Mihaela van der Schaar,2
Min Sun,2
Ming Zhang,2
Ming-Hsuan Yang,2
Mingkui Tan,2
Minyi Guo,2
Mitesh M. Khapra,2
Mu Guo,2
Mu Li,2
Muhan Zhang,2
Nan Duan,2
Nan Yang,2
Nannan Wang,2
Ness Shroff,2
Nicola Di Mauro,2
Nicolas Troquard,2
Nika Haghtalab,2
Nimrod Talmon,2
Oskar Skibski,2
Pan Hu,2
Paolo Dragone,2
Paul Pu Liang,2
Pavel Naumov,2
Peilin Zhao,2
Peng Zhao,2
Peter Henderson,2
Peter J. Stuckey,2
Peter Vrancx,2
Pheng-Ann Heng,2
Philip S. Yu,2
Pingzhong Tang,2
Piotr Faliszewski,2
Piotr Skowron,2
Piyush Rai,2
Qi Wu,2
Qi Zhang,2
Qin Chen,2
Qing He,2
Qinmin Hu,2
Quanshi Zhang,2
Quanxue Gao,2
R. Venkatesh Babu,2
Rajesh P. N. Rao,2
Rani Izsak,2
Riddhiman Dasgupta,2
Ritesh Noothigattu,2
Rong Pan,2
Rui Wang,2
Rui Zhang,2
Ruifang He,2
Ruofei Ouyang,2
Ruslan Salakhutdinov,2
Saehoon Kim,2
Scott Niekum,2
Sen Wang,2
Shai Vardi,2
Shaonan Wang,2
Sheng Tang,2
Sheng-Jun Huang,2
Shengyu Zhang,2
Shie Mannor,2
Shimon Whiteson,2
Shinsaku Sakaue,2
Shlomo Zilberstein,2
Shuang Wu,2
Shuangyin Li,2
Shujie Liu,2
Shuming Shi,2
Siddharth Barman,2
Somdeb Sarkhel,2
Stefano Teso,2
Suhang Wang,2
Sujian Li,2
Tao He,2
Tao Qin,2
Tatsuya Harada,2
Teng Zhang,2
Tianshui Chen,2
Tianyang Zhang,2
Tianyu Liu,2
Tiejun Zhao,2
Tie-Yan Liu,2
Toby Walsh,2
Tom Schaul,2
Tongliang Liu,2
Tushar Khot,2
Ulle Endriss,2
Vincent Conitzer,2
Wangli Hao,2
Wei Lu,2
Weiwei Li,2
Weiwei Liu,2
Weixi Gu,2
Weixiang Hong,2
Weixiong Zhang,2
Weiyao Lin,2
Wengang Zhou,2
Wenguan Wang,2
Wenliang Chen,2
Wesley Tansey,2
Will Dabney,2
Xiang Ren,2
Xiangyuan Lan,2
Xiao Wang,2
Xiaodong Zhang,2
Xiaogang Wang,2
Xiaojian Wu,2
Xiaojun Chang,2
Xiaokang Yang,2
Xiaolong Li,2
Xiaoou Tang,2
Xiaowang Zhang,2
Xiaoyan Zhu,2
Xiaoyu Liu,2
Xin Fan,2
Xing Xie,2
Xing Xu,2
Xinmei Tian,2
Xipeng Qiu,2
Xiuyi Jia,2
Xu Sun,2
Xuelong Li,2
Xuying Meng,2
Yangdong Deng,2
Yangqiu Song,2
Yansong Feng,2
Yi Yang,2
Yi Zhou,2
Yi-Hsuan Yang,2
Yijun Xiao,2
Ying Nian Wu,2
Ying Wei,2
Yingming Li,2
Yixin Chen,2
Yizhe Zhang,2
Yong Cao,2
Yong Liu,2
Yong-Liang Yang,2
Yoshitaka Ushiku,2
Yu Liu,2
Yu Qiao,2
Yuan Deng,2
Yuan Yao,2
Yuanlu Xu,2
Yuchen Guo,2
Yue Zhang,2
Yueting Zhuang,2
Yu-Feng Li,2
Yujun Zhang,2
Yu-Kun Lai,2
Yunchen Pu,2
Yunde Jia,2
Yunfang Wu,2
Yusuke Mukuta,2
Yuxun Zhou,2
Zaiqing Nie,2
Zenglin Xu,2
Zhang Xiong,2
Zhangjie Cao,2
Zhao Yan,2
Zhenya Huang,2
Zhicheng Cui,2
Zhongfei Zhang,2
Zhongxuan Luo,2
Aadirupa Saha,1
Aaron Mininger,1
Abbas Mehrabian,1
Abheek Ghosh,1
Abhijin Adiga,1
Abhijit Mishra,1
Abhishek Kumar Singh,1
Adam Fisch,1
Adam Tauman Kalai,1
Adam Wierman,1
Adams Wei Yu,1
Aditya Gopalan,1
Aditya Jitta,1
Aditya Kharosekar,1
Aditya Krishna Menon,1
Adnan Darwiche,1
Adrian Weller,1
Adriana Kovashka,1
Aghiles Salah,1
Ah-Hwee Tan,1
Ahmad Beirami,1
Ahmed Hefny,1
Ahmet Tuysuzoglu,1
Ahsanul Haque,1
Akansel Cosgun,1
Akifumi Wachi,1
Akisato Kimura,1
Akshay Agarwal,1
Akshay Goel,1
Akshay Sethi,1
Akshay Shekhawat,1
Alan Hanjalic,1
Alberto Barrón-Cedeño,1
Alberto Marchesi,1
Aleksandar Bojchevski,1
Alessandro Nuara,1
Alessandro Previti,1
Alessandro Riva,1
Alessandro Ronca,1
Alex D. Leow,1
Alexander Flecker,1
Alexander J. Smola,1
Alexander Munteanu,1
Alexander Schlegel,1
Alexander Semenov,1
Ali Farhadi,1
Alin Fan,1
Alireza Alemi,1
Aman Behal,1
Amit Gupta,1
Amita Gajewar,1
Amitabha Sanyal,1
An T. Nguyen,1
Ana Maria Tome,1
Ana V. González-Garduño,1
Anand Sivasubramaniam,1
Anant Subramanian,1
Anastasios Kyrillidis,1
Ancong Wu,1
Anders Søgaard,1
Andre A. Cire,1
Andrea Bonarini,1
Andrea Celli,1
Andrea Vedaldi,1
Andreas Spanias,1
Andrei Lissovoi,1
Andrew Cohen,1
Andrew M. Dai,1
Andrew Markham,1
Andrew Sendonaris,1
Andrew Slavin Ross,1
Andrew Youngdahl,1
Andrzej Pronobis,1
André Freitas,1
André Platzer,1
Andy J. Ma,1
Angeliki Metallinou,1
Angelina Abitino,1
Aniket Bera,1
Anirban Dasgupta,1
Ankur Agrawal,1
Ankush Gupta,1
Ann B. Ragin,1
Anoop Kumar,1
Anson Wong,1
Anthony Dick,1
Anthony Hunter,1
Anthony Tompkins,1
Antoine Bordes,1
Anton Milan,1
Anton V. Riabov,1
Anton van den Hengel,1
Antonio Morgado,1
Antonio Rago,1
Anush Sankaran,1
Ao Zhang,1
Aohan Wu,1
Aojun Zhou,1
Apratim Bhattacharyya,1
Arash Tavakoli,1
Aravind Srinivasan,1
Arindam Banerjee,1
Arinjoy Basak,1
Aris Filos-Ratsikas,1
Arjun Sharma,1
Armand Joulin,1
Arpit Jain,1
Arpita Biswas,1
Arthur Choi,1
Arto Klami,1
Arya Mazumdar,1
Ashish Kulkarni,1
Ashok Goel,1
Ashutosh Trivedi,1
Ashwin K. Vijayakumar,1
Athirai A. Irissappane,1
Atsushi Iwasaki,1
Atsushi Miyauchi,1
Atsushi Shibagaki,1
Aubrey Gress,1
Audrunas Gruslys,1
Avesh Singh,1
Avi Segal,1
Avinash Achar,1
Avirup Sil,1
Avrim Blum,1
B. Aditya Prakash,1
Baharan Mirzasoleiman,1
Baihua Xiao,1
Bailin Wang,1
Baiying Lei,1
Balaraman Ravindran,1
Balázs Szörényi,1
Baocai Yin,1
Baotian Hu,1
Baoxu Shi,1
Baoyao Yang,1
Bar Hilleli,1
Barna Saha,1
Batya Kenig,1
Behrouz Haji Soleimani,1
Bela Stantic,1
Ben Abramowitz,1
Bence Cserna,1
Benedict Wright,1
Benjamin Piwowarski,1
Benjamin Rosman,1
Benny Kimelfeld,1
Benyou Wang,1
Beomjoon Kim,1
Bernardo Cuenca Grau,1
Bernhard Nebel,1
Bernt Schiele,1
Bettina Könighofer,1
Bharat Singh,1
Biao Zhang,1
Bill Dolan,1
Bin Liu,1
Bin Sheng,1
Bin Sun,1
Bin Tong,1
Bing Cao,1
Bing Li,1
Bing Qin,1
Bingchen Liu,1
Bing-Jie Sun,1
Bingke Zhu,1
Bingni W. Brunton,1
BingZhang Hu,1
Biqing Fang,1
Blai Bonet,1
Bo Chang,1
Bo Du,1
Bo Lang,1
Bo Li,1
Bo Liu,1
Bo Luo,1
Bo Ren,1
Bo Wang,1
Bo Xie,1
Bo Xu,1
Bo Yang,1
Bo Yuan,1
Bo Zhang,1
Bo Zong,1
Bob Zhang,1
Bogdan Savchynskyy,1
Bohan Zhuang,1
Bohyung Han,1
Bokai Cao,1
Bolin Ding,1
Borja Balle,1
Bor-Yuh Evan Chang,1
Bo-Si Feng,1
Boualem Benatallah,1
Bowen Du,1
Bowen Pan,1
Bowen Zheng,1
Bowen Zhou,1
Boyi Li,1
Brandon Ballinger,1
Brendan Juba,1
Brent Harrison,1
Brian D. Ziebart,1
Brian Logan,1
Brian McMahan,1
Britta Dorn,1
Bryan Perozzi,1
Bryce Wiedenbeck,1
Byron Wallace,1
ByungIn Yoo,1
C. P. Kankeu Fotsing,1
Caiwen Ding,1
Canasai Kruengkrai,1
Canjie Luo,1
Canyi Lu,1
Carl Schultz,1
Carl Yang,1
Carla P. Gomes,1
Carlos Castillo,1
Carlos Guestrin,1
Carlos Mencía,1
Carlton Downey,1
Carmine Dodaro,1
Carol Maguire,1
Carter Wendelken,1
Casey Kennington,1
Ceren Budak,1
Cewu Lu,1
Chaitanya Ahuja,1
Chandini Shetty,1
Chang Liu,1
Chang Zhou,1
Changhao Chen,1
Changhee Lee,1
Changkyu Choi,1
Changping Meng,1
Changping Wang,1
Changsung Moon,1
Chao Du,1
Chao Huang,1
Chao Liang,1
Chao Qian,1
Chao Wang,1
Chaochao Chen,1
Chaofan Chen,1
Chaofeng Chen,1
Chaofeng Sha,1
Chaojie Mao,1
Chaojie Wang,1
Chaokun Wang,1
Chaolong Li,1
Chaorui Deng,1
Chaoyang Zhao,1
Chaoyun Zhang,1
Charles Sutton,1
Chen Gong,1
Chen Kong,1
Chen Li,1
Chen Qian,1
Chen Wang,1
Chen Xing,1
Chen Yao,1
Chen Zhu,1
Cheng Xu,1
Cheng Yang,1
Chenggen Song,1
Chenghao Liu,1
Cheng-Lin Liu,1
Chengqi Zhang,1
Chengyao Chen,1
Cheng-Yu Hsieh,1
Chengzuo Qi,1
Chenhao Tan,1
Chen-Hsuan Lin,1
Chenjun Xiao,1
Chenliang Xu,1
Chenping Hou,1
Chenrui Li,1
Chen-Tse Tsai,1
Chenyue Wang,1
Chhavi Chaudhry,1
Chi Kit Ken Fong,1
Chi Lu,1
Chiara Piacentini,1
Chia-Yu Chen,1
Chien-Ju Ho,1
Chih-Kuan Yeh,1
Chih-Ya Shen,1
Ching-Hua Chuan,1
Chinmay Hegde,1
Chinmay Kulkarni,1
Chin-Yew Lin,1
Chitta Baral,1
Chi-Wing Fu,1
Choh Man Teng,1
Cho-Jui Hsieh,1
Chong Liu,1
Chong Peng,1
Chongde Shi,1
Chongjie Zhang,1
Chongjun Wang,1
Chongxuan Li,1
Chongyang Tao,1
Chongyang Zhang,1
Chris Brockett,1
Chris Chu,1
Chris Ding,1
Chris Dyer,1
Chris J. Kuhlman,1
Christian Bartz,1
Christian Eichhorn,1
Christian K. Machens,1
Christian Kroer,1
Christian R. Shelton,1
Christine Rizkallah,1
Christoph Hirnschall,1
Christoph Meinel,1
Christopher Kanan,1
Christopher Thomas Hidey,1
Christopher W. Geib,1
Christopher W. Lynn,1
Chuan Qin,1
Chuan Zhou,1
Chuanqi Tan,1
Chuanren Liu,1
Chuan-Xiang Li,1
Chu-Cheng Lin,1
Chu-Min Li,1
Chunfeng Yuan,1
Chunheng Wang,1
Chunshui Cao,1
Chunyan Xu,1
Chun-Yi Liu,1
Chuxu Zhang,1
Claire J. Tomlin,1
Clifton McFate,1
Colin Targonski,1
Colin Wilder,1
Cong Leng,1
Congrui Hetang,1
Constantine Caramanis,1
Craig A. Knoblock,1
Craig Milo Rogers,1
Cunchao Tu,1
Cunyan Yin,1
Cunzhao Shi,1
Curtis Bright,1
Cynthia Matuszek,1
Cynthia Rudin,1
D. Scott Phoenix,1
Da Li,1
Daixin Wang,1
Dajiang Zhu,1
Dalal Alrajeh,1
Dalin Zhang,1
Dan Deng,1
Dan Feng,1
Dan Goldwasser,1
Dan Guo,1
Dan Meng,1
Daniel Borrajo,1
Daniel Brand,1
Daniel D. Lee,1
Daniel Gildea,1
Daniel Hewlett,1
Daniel Höller,1
Daniel J. Mankowitz,1
Daniel J. Rosenkrantz,1
Daniel Jiwoong Im,1
Daniel Kasenberg,1
Daniel Khashabi,1
Daniel Levy,1
Daniel Marcu,1
Daniel Neugebauer,1
Daniel S. Brown,1
Daniel S. Weld,1
Daniel W Peterson,1
Daniele Porello,1
Danilo P. Mandic,1
Danish Pruthi,1
Danushka Bollegala,1
Dany Moshkovich,1
Datong P. Zhou,1
David A. Smith,1
David B. Adrian,1
David Barber,1
David Begert,1
David Carlson,1
David Crandall,1
David Demeter,1
David Hemmi,1
David Isele,1
David Kempe,1
David Kurokawa,1
David M. Pennock,1
David Mguni,1
David Poole,1
David Sarne,1
David Schlangen,1
David Silver,1
David Wajc,1
David Zhang,1
Davide Tateo,1
Dawei Li,1
Dawei Song,1
Daxin Jiang,1
De Wang,1
Deepak Babu Sam,1
Deepak Khemani,1
Deepak P,1
Deepak Turaga,1
Deepak Venugopal,1
Deepta Rajan,1
Deguang Kong,1
Deheng Qian,1
Dejian Yang,1
Delip Rao,1
Deng Cai,1
De-Nian Yang,1
Denis Steckelmacher,1
Dennis Park,1
Deqing Sun,1
Despoina Trivela,1
Deva Ramanan,1
Devamanyu Hazarika,1
Deyi Xiong,1
Deyu Wang,1
Dheeraj Rajagopal,1
Dhruv Batra,1
Di Chen,1
Di Wang,1
Diana Kim,1
Diane Bouchacourt,1
Diane J. Litman,1
Diederik M. Roijers,1
Dik Lun Lee,1
Dileep George,1
Dinesh Manocha,1
Dinggang Shen,1
Ding-Jie Chen,1
Dingli Yu,1
Dingqi Yang,1
Dingwen Zhang,1
Diqi Chen,1
Dmitry Ulyanov,1
Domagoj Alagić,1
Dong Wang,1
Dongcheng Zhao,1
Dongfang Du,1
Donghun Kang,1
Donghyun Yoo,1
Dongqing Zou,1
Dongsheng Li,1
Dongsheng Wang,1
Dongxiang Zhang,1
Dongyan Cao,1
Dongyeop Kang,1
Dongyu She,1
Dongyun Yi,1
Dorien Herremans,1
Dorothea Baumeister,1
Douwe Kiela,1
Duanqing Xu,1
Duncan C. McElfresh,1
Dustin Morill,1
Ece Kamar,1
Edith Cohen,1
Edmond Awad,1
Edouard Grave,1
Eduard Eiben,1
Eduard Hovy,1
Edward Y. Chang,1
Efthymia Tsamoura,1
Ehsan Adeli,1
Ehsan Elhamifar,1
Eiichiro Sumita,1
Eitan Altman,1
Eldan Cohen,1
Elena Cabrio,1
Elia Van Wolputte,1
Elizabeth Anderson,1
Ellen Riloff,1
Elliot Anshelevich,1
Emiliano Lorini,1
Emily M. Hand,1
Emma Strubell,1
Eneko Agirre,1
Enrique Munoz de Cote,1
Erel Segal-Halevi,1
Erez Karpas,1
Eric Heim,1
Eric Horvitz,1
Eric Purdy,1
Eric Rice,1
Ernest Cheung,1
Esra Erdem,1
Ethan Perez,1
Eugene Seo,1
Evan Miller,1
Evgeniya Korneva,1
Eyke Hüllermeier,1
Fabio Pardo,1
Fabio Patrizi,1
Faisal Ahmed,1
Fajie Yuan,1
Fan Yang,1
Fanghui Liu,1
Fanshuang Kong,1
Fanwei Zhu,1
Farhad Pourkamali-Anaraki,1
Farhana Ferdousi Liza,1
Fei Fang,1
Fei Han,1
Fei Jiang,1
Fei Tian,1
Fei Wang,1
Feiyun Zhu,1
Felip Manyà,1
Felipe Trevizan,1
Feng Nie,1
Feng Shi,1
Feng Wu,1
Fengbo Ren,1
Fengcheng Yuan,1
Fenghui Ren,1
Fengjun Yang,1
Fernando P. Santos,1
Filipe Rodrigues,1
Florian Benavent,1
Florian Geißer,1
Florian Jaeckle,1
Florian Strub,1
Florin Adrian Bulgarov,1
Fookwai Kong,1
Forough Rezaei Boroujeni,1
Francesca Toni,1
Francesco Amigoni,1
Francesco Giannini,1
Francesco Ricca,1
Francesco Trovò,1
Francisco C. Pereira,1
Francisco C. Santos,1
Frank Fangzheng Xu,1
Frank Hutter,1
François Schwarzentruber,1
Frits de Nijs,1
Fu Li,1
Fumin Shen,1
Fu-Rao Shen,1
Fuzheng Zhang,1
G. Zacharias Holland,1
Gabriel Dulac-Arnold,1
Gabriele Farina,1
Gabriele Kern-Isberner,1
Gal A. Kaminka,1
Gal Dalal,1
Gan Sun,1
Gang Qiao,1
Gang Wang,1
Gang Yu,1
Garrett Warnell,1
Gaurav Goswami,1
Ge Li,1
Gehua Qin,1
Gencai Chen,1
Geng Yuan,1
Geng Zhao,1
Geoffrey E. Hinton,1
Geoffrey Gordon,1
Geoffrey H. Tison,1
Georg Ostrovski,1
Georgi Karadzhov,1
Gera Weiss,1
Gerhard J. Woeginger,1
Gerry Tesauro,1
Geungyu Wang,1
Gianluca Brero,1
Gino Brunner,1
Giorgio Satta,1
Giorgos Stoilos,1
Giovanni Amendola,1
Giuseppe De Nittis,1
Glauber De Bona,1
Gorka Labaka,1
Gourab Kundu,1
Graeme Gange,1
Graham Neubig,1
Grant Miller,1
Gregor Behnke,1
Gregory Farquhar,1
Gregory M. Marcus,1
Guangcan Liu,1
Guanghui Ren,1
Guanglu Song,1
Guangquan Zhang,1
Guangtao Wang,1
Guansong Pang,1
Gugan Thoppe,1
Guibing Guo,1
Guido Tack,1
Guihua Wen,1
Guillaume Perez,1
Guillem Collell,1
Guiquan Liu,1
Gunhee Kim,1
Guojie Song,1
Guolei Sun,1
Guolei Yang,1
Guoping Hu,1
Guoqiang Liang,1
Guorui Zhou,1
Guotian Xie,1
Guoyou Wang,1
Guy Shani,1
Hado van Hasselt,1
Haesun Park,1
Hai Zhao,1
Haibin Ling,1
Haibo Ding,1
Haichao Zhu,1
Haifeng Liu,1
Haifeng Xu,1
Haim Kaplan,1
Hairong Qi,1
Haiyun Guo,1
Haiyun Peng,1
Hamed Hassani,1
Hamid Palangi,1
Hamza Harkous,1
Han Gao,1
Hana Chockler,1
Hang Qi,1
Hangwei Qian,1
Hanjun Dai,1
Hanling Yi,1
Hannes Strass,1
Hanqing Lu,1
Hanrui Zhang,1
Hanwang Zhang,1
Hanyu Guo,1
Hao Guo,1
Hao Huang,1
Hao Li,1
Hao Liu,1
Hao Tan,1
Hao Wang,1
Hao Xiong,1
Hao Xu,1
Hao Yu,1
Haochen Chen,1
Hao-Chen Dong,1
Hao-Cheng Kao,1
Haojin Yang,1
Haokai Lu,1
Haokun Chen,1
Haonan Li,1
Haoqi Fan,1
Haosheng Zou,1
Hao-Shu Fang,1
Hao-Wen Dong,1
Haoyi Xiong,1
Haoyue Ping,1
Harini Suresh,1
Harm de Vries,1
Harm van Seijen,1
Harsh Dani,1
Harsh Jhamtani,1
Harsha Nori,1
Harshil Shah,1
Harshit Kumar,1
Hassan Ashtiani,1
Hector Geffner,1
Heechul Jung,1
Hee-Kap Ahn,1
Heiko Zimmermann,1
Heinrich Jiang,1
Heinz Koeppl,1
Helen Jiang,1
Hemeng Tao,1
Hendrik Blockeel,1
Heng Fan,1
Hengshu Zhu,1
Henning Lange,1
Heyuan Shi,1
Hideyuki Suzuki,1
Hilmar Schadrack,1
Hirokazu Anai,1
Hiroshi Kera,1
Hiroya Inakoshi,1
Hiroyuki Hanada,1
Hisashi Kashima,1
Hitoshi Manabe,1
Ho Bae,1
Homa B. Hashemi,1
Hong Chang,1
Hong Cheng,1
Hong Qian,1
Hong Tao,1
Hong Wang,1
Hong Yu,1
Hongbin Pei,1
Hongfu Liu,1
Honggang Qi,1
Honghua Chen,1
Hongji Wang,1
Hongkai Yu,1
Hong-Min Chu,1
Hongming Li,1
Hongning Wang,1
Hongsheng Li,1
Hongtao Lu,1
Hongteng Xu,1
Hongwei Peng,1
Hongwei Yong,1
Hongxiang Xu,1
Hongyu Ren,1
Hoong Chuin Lau,1
Horst Samulowitz,1
Hossein Aboutalebi,1
Houfeng Wang,1
Hou-Ning Hu,1
Hu Xu,1
Hua Jiang,1
Hua Wang,1
Hua Wu,1
Huadong Ma,1
Huan Gui,1
Huan Song,1
Huan Zhang,1
Huan Zhao,1
Huanyu Yu,1
Huawei Shen,1
Huawei Wei,1
Huaxin Xiao,1
Huaxiu Yao,1
Hui Chen,1
Hui Fang,1
Hui Li,1
Hui Su,1
Hui Xi,1
Hui Xiong,1
Hui Zhang,1
Huy V. Nguyen,1
Hwann-Tzong Chen,1
Hyun Jong Yang,1
Hyun Soo Park,1
Hyunsouk Cho,1
Hélène Fargier,1
Hélène Plisnier,1
Ian Davidson,1
Ian Fischer,1
Ian Lane,1
Ian Osband,1
Ian Wassell,1
Ichiro Takeuchi,1
Igor Mordatch,1
Ilias Kotsireas,1
Ilya Otpuschennikov,1
Ilya Shpitser,1
Inês Lynce,1
Ioannis Caragiannis,1
Ira Giagkousi,1
I-Ta Lee,1
Iti Chaturvedi,1
Iyad Kanj,1
Iyad Rahwan,1
J. Fernando Hernandez-Garcia,1
Jack Wang,1
Jacob W. Crandall,1
Jacopo Banfi,1
Jadwiga Sosnowska,1
Jae Hee Lee,1
Jae-Joon Han,1
Jaeyun Kang,1
Jakob N. Foerster,1
Jakob Suchan,1
Jalal Etesami,1
James Bailey,1
James Caverlee,1
James F. Allen,1
James Glass,1
James Jordon,1
James O' Neill,1
James Stewart,1
James T. Klosowski,1
Jan Kautz,1
Jan Van den Bussche,1
Jan Šnajder,1
Jana Schaich Borg,1
Janosch Döcker,1
Jared Curhan,1
Jason (Jiasheng) Zhang,1
Jason J. Corso,1
Jason Weston,1
Jayaraman J. Thiagarajan,1
Jean Christoph Jung,1
Jean Harb,1
Jean-Baptiste Mouret,1
Jean-Charles Régin,1
Jean-Guy Mailly,1
Jean-Jacques Slotine,1
Jeffrey E. Olgin,1
Jelena Kovačević,1
Jenna Wiens,1
Jennifer Neville,1
Jennifer Wortman Vaughan,1
Jens Witkowski,1
Jeongwoo Ju,1
Jessa Bekker,1
Ji Feng,1
Ji Liu,1
Ji Wu,1
Ji Xin,1
Jia Deng,1
Jia Jia,1
Jia Tao,1
Jia Wang,1
Jiabin Niu,1
Jiacheng Xu,1
Jiahui Wen,1
Jiajun Chen,1
Jiajun Li,1
Jialin Wang,1
Jiaming Xu,1
Jian Chen,1
Jian Cheng,1
Jian Li,1
Jian Liu,1
Jian Lou,1
Jian Pei,1
Jian Peng,1
Jian Pu,1
Jian Shen,1
Jian Xu,1
Jian Yang,1
Jianfei Cai,1
Jianfei Chen,1
Jianfei Yang,1
Jianfeng Dong,1
Jianfeng Lu,1
Jiang Guo,1
Jiang Rong,1
Jianhao Shen,1
Jianhua Dai,1
Jiankang Deng,1
Jianling Sun,1
Jianping Li,1
Jianping Shi,1
Jianqiao Wangni,1
Jianwen Xie,1
Jianwu Dang,1
Jianwu Fang,1
Jianxin Li,1
Jianxin Lin,1
Jianxin Ma,1
Jianxin Wu,1
Jianyong Wang,1
Jiawei Du,1
Jiawei Li,1
Jiaxian Guo,1
Jiaxing Zhao,1
Jiayu Chen,1
Jie Chen,1
Jie Huang,1
Jie Li,1
Jie Liu,1
Jie Lu,1
Jie Qiao,1
Jie Qiu,1
Jie Zhou,1
Jiening Jiao,1
Jiexi Yan,1
Jihong Guan,1
Jihun Choi,1
Jiming Liu,1
Jimmy Xiangji Huang,1
Jin Chen,1
Jin Li,1
Jin Tian,1
Jin Xie,1
Jinbo Bi,1
Jincheng Mei,1
Jinfeng Yi,1
Jing Shi,1
Jing Wu Lian,1
Jing Ying,1
Jing Zhu,1
Jingang Wang,1
Jingbo Shang,1
Jingdong Wang,1
Jinghe Hu,1
Jingjia Huang,1
Jingtao Xu,1
Jingwei Ma,1
Jing-Xin Pan,1
Jingyi Hou,1
Jingying Chi,1
Jingyuan Wang,1
Jinhua Gao,1
Jinhui Tang,1
Jinhui Xu,1
Jinpeng Wang,1
Jinshan Zeng,1
Jinsung Yoon,1
Jintao Ke,1
Jin-Xi Zhao,1
Jinxing Li,1
Jinyoung Yeo,1
Jinyue Su,1
Jinze Bai,1
Jiqing Wu,1
Jiuxiang Gu,1
Jivko Sinapov,1
Jixing Xu,1
Jizhong Han,1
Jocelyn Barker,1
Joel Jennings,1
Joel Z. Leibo,1
Joey Tianyi Zhou,1
Johan Bjorck,1
Johannes Blum,1
Johannes Fürnkranz,1
Johannes P. Wallner,1
John Agapiou,1
John E. Laird,1
John Grant,1
John Guttag,1
John Paisley,1
John Quan,1
Johnson Hsieh,1
Jon Kleinberg,1
Jonathan Chung,1
Jonathan Gemmell,1
Jonathan Gomes-Selman,1
Jonathan Kuck,1
Jonathan Raphael Raiman,1
Jong-Hoon Oh,1
Joohyun Lee,1
Joonil Na,1
Jordan Douglas,1
Jordan S. Ramsdell,1
Jorge M. Pacheco,1
Jose M. Sanchez,1
Joseph Modayil,1
Joseph Yehuda Halpern,1
Joshua Allen,1
Joshua H. Palmer,1
Josiah P. Hanna,1
Joydeep Biswas,1
Juan D. Correa,1
Juba Ziani,1
Jubo Zhu,1
Juhua Pu,1
Juil Sock,1
Jui-Ting Chien,1
Julia Stoyanovich,1
Julien Kloetzer,1
Jun Chen,1
Jun Feng,1
Jun Gao,1
Jun Lang,1
Jun Li,1
Jun Mei,1
Jun Sakuma,1
Jun Shen,1
Jun Takamatsu,1
Jun Wan,1
Jun Wen,1
Jun Xie,1
Jun Xing,1
Jun Yang,1
Junbin Gao,1
Junbo Zhang,1
Juncen Li,1
Junfeng Tian,1
Jungtaek Kim,1
Jungwook Choi,1
Junhwa Hur,1
Jun-ichiro Hirayama,1
Junjie Wu,1
Junjie Yan,1
Junjie Zhang,1
JunKeon Park,1
Junkun Chen,1
Junmo Kim,1
Junshuai Song,1
Junsik Kim,1
Junwei Bao,1
Junwei Han,1
Junwen Chen,1
Junxiang Wang,1
Junyu Liu,1
Junyu Xuan,1
Junyuan Xie,1
Junzhe Zhang,1
Junzhou Huang,1
Jérôme Lang,1
Jérôme Mengin,1
Jörg Hoffmann,1
Jörg Rothe,1
K. P. Naveen,1
K. Selcuk Candan,1
Kai Di,1
Kai Fan,1
Kai Lu,1
Kai Shu,1
Kai Song,1
Kai Xu,1
Kai Zhang,1
Kaidi Cao,1
Kai-Fu Tang,1
Kailash Gopalakrishnan,1
Kaiwen Liang,1
Kaixiang Mo,1
Kaiyang Zhou,1
Kaiyu Zheng,1
Kai-Yueh Chang,1
Kamin Whitehouse,1
Kamran Ghasedi Dizaji,1
Kang Huyan,1
Kang Min Yoo,1
Kangqi Luo,1
Kanthashree Mysore Sathyendra,1
Karen Smith,1
Karl Aberer,1
Karl Pichotta,1
Karthik A. Sankararaman,1
Kartik Goyal,1
Kathleen McKeown,1
Katsufumi Tomobe,1
Katsuhiko Hayashi,1
Katsuhiro Endo,1
Katsunori Ohnishi,1
Kaya Deuser,1
Ke Lu,1
Ke Ma,1
Ke Tu,1
Ke Yang,1
Kee-Eung Kim,1
Kehai Chen,1
Kehua Lei,1
Keisuke Goto,1
Keith Adams,1
Kejun Huang,1
Ken-ichi Kawarabayashi,1
Kenji Kawaguchi,1
Kenji Yasuoka,1
Kenneth Kwok,1
Kenney Ng,1
Kenny Q. Zhu,1
Kenny Qili Zhu,1
Kentaro Torisawa,1
Keqiang Wang,1
Kevin Chen-Chuan Chang,1
Kevin J Shih,1
Kevin McAreavey,1
Kevin Tran,1
Kewei Tu,1
Kexiang Wang,1
Kezhen Chen,1
Kiyoon Kim,1
Kjetil Nørvåg,1
Kobi Gal,1
Koichiro Yoshino,1
Koji Maruhashi,1
Kongming Liang,1
Konstantin Golyaev,1
Konstantina Christakopoulou,1
Konstantinos Chatzilygeroudis,1
Ko-Shin Chen,1
Krishna P. Gummadi,1
Kristopher De Asis,1
Kuan Liu,1
Kuiyuan Yang,1
Kumar Sricharan,1
Kun Gai,1
Kun Liu,1
Kuntal Dey,1
Kuo-Hao Zeng,1
Kup-Sze Choi,1
Kustaa Kangas,1
Kwan-Yee K. Wong,1
Kyle Hollins Wray,1
Kyohei Atarashi,1
Kyunghyun Cho,1
Kyungnam Kim,1
Kyungwoo Song,1
Labinot Bajraktari,1
Lada A. Adamic,1
Ladislau Bölöni,1
Lajanugen Logeswaran,1
Lanlan Liu,1
Lan-Zhe Guo,1
Lara J. Martin,1
Larry S. Davis,1
Laszlo Jeni,1
Latifur Khan,1
Laure Soulier,1
Lazaros Polymenakos,1
Le Wu,1
Le Zhang,1
Ledell Yu Wu,1
Lefei Zhang,1
Lei Dong,1
Lei Gu,1
Lei Huang,1
Lei Luo,1
Lei Shu,1
Lei Wang,1
Lei Yang,1
Lei Yu,1
Lei Zhu,1
Leiting Chen,1
Lekui Zhou,1
Lemao Liu,1
Leonid Ryzhyk,1
Leslie Pack Kaelbling,1
Levi H. S. Lelis,1
Lexing Xie,1
Leye Wang,1
Leyu Lin,1
Li Cheng,1
Li Chou,1
Li Li,1
Li Liu,1
Li Wang,1
Liang Jiang,1
Liang Wang,1
Liang Wu,1
Liang Yang,1
Liangchen Song,1
Liangda Fang,1
Liangpei Zhang,1
Liangqu Long,1
Liangzhe Chen,1
Lianwen Jin,1
Liat Cohen,1
Libin Yang,1
Lichen Wang,1
Li-Chia Yang,1
Lidong Yu,1
Lifang He,1
Lihang Liu,1
Lihong Li,1
Lihong Wang,1
Lijun Wu,1
Lili Meng,1
Lili Zhao,1
Lin Gao,1
Lin Ma,1
Lingxiao Wei,1
Lingzhi Li,1
Linli Xu,1
Linlin Wang,1
Linlin Zong,1
Linzi Xing,1
Liqun Ma,1
Lirong Xia,1
Liu Liu,1
Liyan Sun,1
Liyuan Liu,1
Lizhong Ding,1
Llion Jones,1
Lluís Màrquez,1
Long Chen,1
Long Guo,1
Long Qiu,1
Long-Wen Chang,1
Longyue Wang,1
Lovro Ilijasić,1
Lu Yu,1
Lucas Agussurja,1
Lucas Lehnert,1
Luchen Liu,1
Lucian Galescu,1
Luis Sanchez-Fernandez,1
Luis Seabra Lopes,1
Luming Tang,1
Luming Zhang,1
Luo Si,1
Luowei Zhou,1
M. N. Murty,1
Madhav V. Marathe,1
Magdalena Ortiz,1
Maggie Makar,1
Maithilee Kunda,1
Makoto Yokoo,1
Man Zhang,1
Manik Dhar,1
Manish Gupta,1
Mantas Šimkus,1
Mantian Li,1
Manu Bansal,1
Manu Sharma,1
Manuel Mauro,1
Maojun Zhang,1
Marc G. Bellemare,1
Marc Lanctot,1
Marc McClure,1
Marc Toussaint,1
Marcel Steinmetz,1
Marcello Restelli,1
Marco Gori,1
Marco Maggini,1
Marco Pavone,1
Marco Ragni,1
Marco Tulio Ribeiro,1
Marek Grzes,1
Margarita P. Castro,1
Maria Gini,1
Maria Luisa Bonet,1
Maria Luisa Sapino,1
Marian Mazzone,1
Marie-Francine Moens,1
Marijn J. H. Heule,1
Mario Berges,1
Mario Fritz,1
Marion Neumann,1
Marius Lindauer,1
Marjan Ghazvininejad,1
Mark J. Pletcher,1
Mark Kaminski,1
Mark O. Riedl,1
Mark Rowland,1
Mark Valovage,1
Mark Wallace,1
Mark Whitmore,1
Markus Ulbricht,1
Martha Palmer,1
Martin Klinkigt,1
Martin Klissarov,1
Martin Müller,1
Martin Schmid,1
Martin Strobel,1
Marzyeh Ghassemi,1
Masaaki Nishino,1
Masahiro Ono,1
Masahito Kurihara,1
Masao Utiyama,1
Masaru Todoriki,1
Masashi Shimbo,1
Masashi Sugiyama,1
Masataro Asai,1
Matej Moravcik,1
Matej Vecerik,1
Mateusz Malinowski,1
Mathieu Salzmann,1
Mathijs M. de Weerdt,1
Matt Conners,1
Matteo Hessel,1
Matteo Tonelli,1
Matthew B. A. McDermott,1
Matthew Klawonn,1
Matthew Lease,1
Matthias Thimm,1
Matthijs T. J. Spaan,1
Matti Järvisalo,1
Matvey Soloviev,1
Maurizio Zazzi,1
Max Kleiman-Weiner,1
Maxwell Crouse,1
Maya Kabkab,1
Mayada Oudah,1
Mayank Kakodkar,1
Mayank Vatsa,1
Mehrdad Farajtabar,1
Mehul Bhatt,1
Meichun Liu,1
Melanie Lyman-Abramovitch,1
Melissa Ailem,1
Melissa C. Smith,1
Meng Wang,1
Menghan Wang,1
Mengtian Li,1
Mengting Shi,1
Mengxiong Liu,1
Mete Ozay,1
Miao Xin,1
Miaomiao Liu,1
Michael A. Osborne,1
Michael Albert,1
Michael B. Wakin,1
Michael Backes,1
Michael Barley,1
Michael Benedikt,1
Michael Bowling,1
Michael C. Hughes,1
Michael Cogswell,1
Michael Gamon,1
Michael J. Paul,1
Michael P. Wellman,1
Michael S. Ryoo,1
Michael Stark,1
Michel Galley,1
Michelangelo Diligenti,1
Michele Flammini,1
Miguel Terra-Neves,1
Mike Wu,1
Mikel Artetxe,1
Mikhail Soutchanski,1
Mikko Koivisto,1
Mikoláš Janota,1
Milko Den Leeuw,1
Min Xu,1
Ming Gu,1
Ming Li,1
Ming Lin,1
Ming Tang,1
Minghua Zhang,1
Minghui Wu,1
Mingjin Zhang,1
Mingjun Zhong,1
Mingkuan Yuan,1
Ming-Kun Xie,1
Mingming Gong,1
Ming-Wei Chang,1
Mingxuan Wang,1
Mingyang Zhong,1
Ming-Yu Liu,1
Mingyuan Zhou,1
Minh C. Phan,1
Minjie Zhang,1
Minju Jung,1
Min-Ling Zhang,1
Minming Li,1
Min-Yen Kan,1
Mitra Mohtarami,1
Mo Yu,1
Mohadeseh Ganji,1
Mohamed Elhoseiny,1
Mohamed Nadif,1
Mohammad Azar,1
Mohammad Maminur Islam,1
Mohammad Raza,1
Mohammad Rostami,1
Mohammad Yaghini,1
Mohammed Alshiekh,1
Mohammed Ehsan Hoque,1
Mohd. Hafiz Hasan,1
Mohit Bansal,1
Mohit Kumar,1
Mohsen Ahmadi Fahandar,1
Mooly Sagiv,1
Mooyeol Baek,1
Mor Vered,1
Moses Adeagbo,1
Moshe Eizenman,1
Moshe Y. Vardi,1
Motoaki Kawanabe,1
Mubbasir Kapadia,1
Muhammad Bilal Zafar,1
Muhua Zhu,1
Munu Sairamesh,1
Nagiza Samatova,1
Naiyan Wang,1
Nalini Ratha,1
Naman Goel,1
Namil Kim,1
Nan Jiang,1
Nan Li,1
Nan Lin,1
Nan Wang,1
Nancy X. R. Wang,1
Nandan Sudarsanam,1
Nannan Li,1
Nanning Zheng,1
Nantas Nardelli,1
Nanyun Peng,1
Narasimha Raju Uppalapati,1
Natalie Parde,1
Natasha Alechina,1
Nathan Fulton,1
Nathan Hunt,1
Nathanael Chambers,1
Nathaniel Helwig,1
Naveen Panwar,1
Navonil Mazumder,1
Negar Kiyavash,1
Neil Burch,1
Nenggan Zheng,1
Ngai-Man Cheung,1
Ngo Anh Vien,1
Niannan Xue,1
Nicholas D. Sidiropoulos,1
Nicholas Gallo,1
Nicholas Hay,1
Nicholas Jing Yuan,1
Nicholas Mattei,1
Nicholas Ruozzi,1
Nicholas Sohre,1
Nicholas Waytowich,1
Nicholas West,1
Nicolas Schwind,1
Nicole Immorlica,1
Nigel Goddard,1
Niki Trigoni,1
Nikos Papasarantopoulos,1
Nils Murrugarra-Llerena,1
Nimit Sohoni,1
Nina Grgić-Hlača,1
Nina Narodytska,1
Ninglong Xu,1
Ningning Zhou,1
Nipun Batra,1
Niranjan Balasubramanian,1
Nisha Pillai,1
Nishant Vijayakumar,1
Nitin Kamra,1
Noa Agmon,1
Noah Weber,1
Noam Hazon,1
Nobuyuki Shimizu,1
Norihito Yasuda,1
Noriyoshi Sukegawa,1
Nurul Lubis,1
Octavian Udrea,1
Odd Erik Gundersen,1
Ofir Marom,1
Ole J. Mengshoel,1
Oleg Zaikin,1
Oliver Kutz,1
Oliver Richter,1
Olivier Michel Raiman,1
Olivier Pietquin,1
Omer Tamuz,1
Omid Bahkshandeh,1
Ondřej Kuželka,1
Onur Atan,1
Orgad Keller,1
Oscar Li,1
Padmanabhan Pillai,1
Palash Dey,1
Palma London,1
Pan Li,1
Pan Lu,1
Pan Xu,1
Pang Luo,1
Pankaj Singh,1
Paolo Felli,1
Paolo Turrini,1
Pascal Frossard,1
Pascal Poupart,1
Pascal Van Hentenryck,1
Pasquale Minervini,1
Patricia Riddle,1
Patrick Gallinari,1
Patrick Pantel,1
Patrick Speicher,1
Paul Buitelaar,1
Paul Jones,1
Paul Li,1
Paul Rosin,1
Paul Smolensky,1
Paul Swoboda,1
Pavan Kantharaju,1
Pavlos Moraitis,1
Pavol Cerny,1
Pedro H. P. Savarese,1
Peifeng Wang,1
Peisong Wang,1
Peng Fu,1
Peng Qiao,1
Peng Wang,1
Peng Yang,1
Peng Zhang,1
Pengfei Liu,1
Pengfei Zhu,1
Pengyu Li,1
Petar Kormushev,1
Peter Clark,1
Peter Fischer,1
Peter Giacobbe,1
Peter Szolovits,1
Phebe Vayanos,1
Philip Bachman,1
Philip Mewes,1
Philip Ogunbona,1
Pichao Wang,1
Pi-Cheng Hsiu,1
Pierre Marquis,1
Pierre-François Gimenez,1
Pieter Abbeel,1
Pietro Baroni,1
Pietro Galliani,1
Pietro S. Oliveto,1
Ping Chen,1
Pinghua Gong,1
Pinyan Lu,1
Pin-Yu Chen,1
Pontus Stenetorp,1
Pooya Abolghasemi,1
Pouya Samangouei,1
Pracheta Sahoo,1
Pradeep Ravikumar,1
Pradeep Varakantham,1
Prateek Vij,1
Praveen Paruchuri,1
Prawaan Singh,1
Prem Natarajan,1
Preslav Nakov,1
Priel Levy,1
Prithviraj Ammanabrolu,1
Przemysław Wałega,1
Pu Huang,1
Qi Dou,1
Qi Lou,1
Qi She,1
Qi Wang,1
Qian Liu,1
Qian Zhong,1
Qiang Cheng,1
Qiang Ji,1
Qiang Li,1
Qiang Xu,1
Qian-Wen Zhang,1
Qibin Hou,1
Qilin Zhang,1
Qimai Li,1
Qin Zhou,1
Qinfeng Shi,1
Qing Sun,1
Qingchao Chen,1
Qinghao Hu,1
Qinghua Hu,1
Qingpeng Cai,1
Qingwen Liu,1
Qingxiang Feng,1
Qingyang Tan,1
Qingyao Wu,1
Qingyu Zhou,1
Qing-Yuan Jiang,1
Qinliang Su,1
Qinru Qiu,1
Qinru Shi,1
Qixing Huang,1
Quan Kong,1
Quan Wang,1
Quang Minh Hoang,1
Quanjun Chen,1
Quan-Sen Sun,1
Quanyu Dai,1
Qun Liu,1
Rachel Freedman,1
Radu Florian,1
Rafael Peñaloza,1
Rahul Goel,1
Raif M. Rustamov,1
Rainer Gemulla,1
Rakesh Misra,1
Ralph Grishman,1
Rama Kumar Pasumarthi,1
Ramakant Nevatia,1
Ramamohanarao Kotagiri,1
Ramprasaath R. Selvaraju,1
Ran El-Yaniv,1
Ransalu Senanayake,1
Raquel Fuentetaja,1
Ravi Kiran Sarvadevabhatla,1
Ravi S. S.,1
Raymond J. Mooney,1
Raymond K. W. Wong,1
Raymond Kulhanek,1
Razieh Nabi,1
Rebecca A. Hutchinson,1
Rebecca Hwa,1
Rediet Abebe,1
Renee Noble,1
Renhe Jiang,1
Reza Arghandeh,1
Riashat Islam,1
Ricardo Henao,1
Richa Singh,1
Richang Hong,1
Richard E. Stearns,1
Richard Hoshino,1
Richard S. Sutton,1
Richong Zhang,1
Rick Goldstein,1
Rick Siow Mong Goh,1
Rijula Kar,1
Rina Dechter,1
Robert Boots,1
Robert Bredereck,1
Robert Giaquinto,1
Robert Künnemann,1
Robert Mattmüller,1
Robert Peharz,1
Robert Wright,1
Roberto Amadini,1
Roberto Confalonieri,1
Roberto Navigli,1
Roderick Bloem,1
Rodney D. Nielsen,1
Rodney Nielsen,1
Rodrigo A. Velez,1
Roger McIntyre,1
Roger Wattenhofer,1
Roger Zimmermann,1
Rohith Regikumar,1
Roland H. C. Yap,1
Romain Laroche,1
Ronald de Haan,1
Ronald Kemker,1
Ronen I. Brafman,1
Rong Jin,1
Rong Ma,1
Rongrong Ji,1
Rongyu Cao,1
Roosevelt Garcia-Villacorta,1
Rosa H. M. Chan,1
Rouhollah Rahmatizadeh,1
Rubens O. Moraes,1
Rudy Raymond,1
Rui Feng,1
Rui Li,1
Rui Liao,1
Rui Luo,1
Rui Zhao,1
Ruichu Cai,1
Ruimin Hu,1
Ruimin Shen,1
Ruiming Cao,1
Ruiqi Gao,1
Rundong Du,1
Runpeng Cui,1
Runqi Yang,1
Runze Wu,1
Ruobing Xie,1
Ruoyu Li,1
Rupert Freeman,1
Ruxin Wang,1
Ryo Ishida,1
Ryosuke Shibasaki,1
Ryota Tomioka,1
Ryu Iida,1
Ryusuke Takahama,1
Ryutaro Ichise,1
Rémi Lebret,1
Rémi Munos,1
Rüdiger Ehlers,1
S Chandra Mouli,1
S. Hamid Rezatofighi,1
S. Hamidreza Kasaei,1
Saber Salehkaleybar,1
Sabine Storandt,1
Sachin Katti,1
Sachindra Joshi,1
Saeid Tizpaz-Niari,1
Sai-Kit Yeung,1
Sainyam Galhotra,1
Sajal K. Das,1
Sakriani Sakti,1
Sam Buss,1
Sam Toyer,1
Sameep Mehta,1
Sameer Singh,1
Samer B. Nashed,1
Sanath Kumar Krishnamurthy,1
Sandeep Chinchali,1
Sang-goo Lee,1
Sangho Lee,1
Sang-Wook Kim,1
Sanjay Chawla,1
Sanjiang Li,1
Santiago Franco,1
Sara Tonelli,1
Sarah Erfani,1
Sarath Chandar,1
Satoshi Hara,1
Satoshi Miyazawa,1
Satoshi Nakamura,1
Satoshi Oyama,1
Scott Steinschneider,1
Sebastian Kauschke,1
Sebastian Nowozin,1
Sebastian Padó,1
Sebastian Riedel,1
Sebastian Schneckenburger,1
Sebastian Tschiatschek,1
Sebastien Piat,1
Seema Nagar,1
Seijoon Kim,1
Seil Lee,1
Sejong Yoon,1
Senthil Mani,1
Seokju Lee,1
Seong-Hwan Jun,1
Seongsik Park,1
Sepideh Sadeghi,1
Ser Nam Lim,1
Serena Villata,1
Serge Gaspers,1
Seungjin Choi,1
Seungtaek Choi,1
Seung-won Hwang,1
Seyed Mehran Kazemi,1
Seyed-Mohsen Moosavi-Dezfooli,1
Sha Lu,1
Shaddin Dughmi,1
Shahin Shahrampour,1
Shai Ben-David,1
Shali Jiang,1
Shameem A. Puthiya Parambath,1
Shamil Chollampatt,1
Shan Wu,1
Shan You,1
Shang-Fu Chen,1
Shangqian Gao,1
Shangsong Liang,1
Shantanu Thakoor,1
Shaobin Xu,1
Shaofan Cai,1
Shaogang Gong,1
Shaohe Lv,1
Shaohua Kevin Zhou,1
Shaojie Tang,1
Shaojun Wang,1
Shaosheng Cao,1
Shaowei Lin,1
Shao-Wen Yang,1
Sharad Nandanwar,1
Shashank Sharma,1
Shay B. Cohen,1
Sheng Wang,1
Sheng Zhang,1
Shenghuo Zhu,1
Shengping Zhang,1
Shenjian Zhao,1
Shenwei Huang,1
Shibao Zheng,1
Shichao Cheng,1
Shichao Pei,1
Shih-Han Chou,1
Shihong Song,1
Shihong Xia,1
Shilei Wen,1
Shiming Ge,1
Shinichi Shirakawa,1
Shiou Tian Hsu,1
Shiri Chechik,1
Shirin Sohrabi,1
Shirui Luo,1
Shirui Pan,1
Shiv Shankar,1
Shiv Surya,1
Shiva Kasiviswanathan,1
Shixin Tian,1
Shiyi He,1
Shiyu Chang,1
Shizhong Liao,1
Shizhu He,1
Shlomi Maliah,1
Shohei Yamamoto,1
Shota Saito,1
Shou-De Lin,1
Shoujin Wang,1
Shreya Khare,1
Shruti Singh,1
Shu Guo,1
Shuai Li,1
Shuai Xiao,1
Shuangli Liao,1
Shufeng Kong,1
Shuicheng Yan,1
Shuigeng Zhou,1
Shujian Huang,1
Shujian Wang,1
Shumeet Baluja,1
Shun Miao,1
Shunji Lin,1
Shuo Chen,1
Shuochao Yao,1
Shuohang Wang,1
Shuqiang Jiang,1
Shuzi Niu,1
Si Liu,1
Si Wei,1
Sicheng Zhao,1
Sidi Lu,1
Siegfried Handschuh,1
Sigbjørn Kjensmo,1
Siheng Chen,1
Sihong Xie,1
Sijie Yan,1
Sikun Yang,1
Silviu Pitis,1
Sima Behpour,1
Simon Lucey,1
Simon Mackenzie,1
Simon Meister,1
Simoni Shah,1
Siwei Peng,1
Siyu Chen,1
Siyu Liao,1
Siyu Lu,1
Siyuan Li,1
Snehalkumar S. Gaikwad,1
Snejana Shegheva,1
Sofia Lyford-Pike,1
Sohan Dsouza,1
Soheil Kolouri,1
Somak Aditya,1
Sonali Parbhoo,1
Songlei Jian,1
Songlin Zhai,1
Soonmin Hwang,1
Sophie Deneve,1
Sorour E. Amiri,1
Soumen Chakrabarti,1
Soumya Ghosh,1
Soumyabrata Pal,1
Sourangshu Bhattacharya,1
Souvik Kundu,1
Srikanth Tamilselvam,1
Sriraam Natarajan,1
Stan Matwin,1
Stanley Simoes,1
Stefan Funke,1
Stefan Haller,1
Stefan Lee,1
Stefan Roth,1
Stefan Rümmele,1
Stefan Woltran,1
Stefanie Jegelka,1
Stefano Menini,1
Stefanos Zafeiriou,1
Stepan Kochemazov,1
Stephan Günnemann,1
Stephen Becker,1
Stephen Boyles,1
Stephen F. Smith,1
Stephen J. Guy,1
Stephen Wright,1
Steven C. H. Hoi,1
Steven Schockaert,1
Steven Skiena,1
Subham Biswas,1
Subhojyoti Mukherjee,1
Sufeng Niu,1
Su-Jin Shin,1
Sulin Liu,1
Sumio Fujita,1
Sumit Bhatia,1
Sumit Chopra,1
Sumit Gulwani,1
Sungrae Park,1
Sungroh Yoon,1
Sunita Sarawagi,1
Suping Zhou,1
Supratik Paul,1
Supriyo Ghosh,1
Suresh Sethi,1
Susanne Biundo,1
Susmija Reddy,1
Swami Sankaranarayanan,1
Swapna Buccapatnam,1
Swapnil Dhamal,1
Swarup Chandra,1
Sylvain Bouveret,1
Sylvie Thiébaux,1
Sze-Chuan Suen,1
Szu-Yu Chou,1
Sébastien Konieczny,1
Sébastien Lahaie,1
T. K. Satish Kumar,1
Tae-Hyun Oh,1
Tae-Kyun Kim,1
Tagyoung Chung,1
Taiki Miyanishi,1
Taiki Todo,1
Takanori Maehara,1
Takayuki Okatani,1
Takayuki Osa,1
Takayuki Osogami,1
Takuma Ebisu,1
Takuya Maekawa,1
Takuya Ohwa,1
Tal Grinshpoun,1
Talal Rahwan,1
Tao Hu,1
Tao Mei,1
Tao Shen,1
Tao Xiang,1
Tao Yuan,1
Tao Zhang,1
Tao Zhou,1
Tarun Gupta,1
Tarun Rambha,1
Tawna Crandall,1
Tengfei Wu,1
Teppo Niinimäki,1
Thanapon Noraset,1
Thanh V. Nguyen,1
Thien Huu Nguyen,1
Thomas Kollar,1
Tian Tian,1
Tianchu Guo,1
Tianfu Wu,1
Tiankuang Zhou,1
Tianqi Xia,1
Tianshu Chu,1
Tianshu Lyu,1
Tianxiang Gao,1
Tianyang Li,1
Tianyao Chen,1
Tianyi Zhou,1
Tianyu Guo,1
Tiejun Huang,1
Tieliang Gong,1
Tielin Zhang,1
Tie-Qiang Wang,1
Tijani Chahed,1
Tim Dettmers,1
Tim Klinger,1
Tim Weninger,1
Timothy A. Mann,1
Timothy M. Hospedales,1
Ting Han,1
Ting Zhang,1
Ting-Kuei Hu,1
Tingting Qiao,1
Tingyang Xu,1
Todd Hester,1
Tom Kenter,1
Tom Silver,1
Tom Yan,1
Tom Young,1
Tomas Mikolov,1
Tomasz Kuśmierczyk,1
Tomasz Wąs,1
Tommaso Mansi,1
Tommaso Pasini,1
Tomohiro Sonobe,1
Tomokazu Murakami,1
Tomoyuki Shirai,1
Tomás Lozano-Pérez,1
Tong Wang,1
Tong Xu,1
Tong Yu,1
Tong Zhang,1
Tony Q. S. Quek,1
Topi Talvitie,1
Triantafyllos Afouras,1
Trisha Mittal,1
Tristan Naumann,1
Tristan Villamil,1
Trong Dinh Thac Do,1
Trong Nghia Hoang,1
Tsuhan Chen,1
Tsukasa Ogasawara,1
Tsvetomila Mihaylova,1
Tuomas Sandholm,1
Tyler L. Hayes,1
Udayan Khurana,1
Ufuk Topcu,1
Umang Bhaskar,1
Umang Gupta,1
Umberto Grandi,1
Uros Rakita,1
V. S. Subrahmanian,1
Vahid Tarokh,1
Vardaan Pahuja,1
Varsha Dani,1
Varun Gulshan,1
Vasco Manquinho,1
Vasilis Vassalos,1
Vasudeva Varma,1
Venkatesh Sarangan,1
Vera Demberg,1
Vernon Lawhern,1
Vibhav Gogate,1
Victor Lempitsky,1
Vijay Ganesh,1
Vinay Kumar Verma,1
Vinay P. Namboodiri,1
Vincent Dumoulin,1
Vincent W. Zheng,1
Vinith Misra,1
Vishal Ishwar Naik,1
Vishnu Naresh Boddeti,1
Vitaliy Batusov,1
Vitor Guizilini,1
Vittorio Perera,1
Vivian S. Silva,1
Vladimir Pavlovic,1
Volkan Cirik,1
Volker Roth,1
Víctor Gutiérrez-Basulto,1
Wael Hamza,1
Walid Ben-Ameur,1
Walter Sinnott-Armstrong,1
Wang Ling Goh,1
Wang-Chien Lee,1
Wangmeng Zuo,1
Wan-Jin Yu,1
Wankou Yang,1
Wanqing Li,1
Wanxiang Che,1
Wanyuan Wang,1
Wanzheng Zhu,1
Wei Cao,1
Wei Chen,1
Wei Ding,1
Wei Feng,1
Wei Li,1
Wei Liang,1
Wei Niu,1
Wei Wang,1
Wei Xia,1
Wei Xing,1
Wei Xu,1
Wei Zhao,1
Wei Zhuo,1
Wei-Di Chang,1
Weidong Zhang,1
Weifeng Lv,1
Weihao Cheng,1
Weihua Luo,1
Weijian Ruan,1
Weijie Bian,1
Weikang Li,1
Weiming Hu,1
Wei-Nan Zhang,1
Weipeng P. Yan,1
Weiping Li,1
Weiping Wang,1
Weiran Shen,1
Weiru Liu,1
Wei-Shi Zheng,1
Weitong Chen,1
Weiyu Cheng,1
Wen Gao,1
Wen Song,1
Wendi Wang,1
Wenge Rong,1
Wenhao Jiang,1
Wenhe Liu,1
Wenjie Hu,1
Wenjie Zhang,1
Wenjun Huang,1
Wenjun Ma,1
Wenlin Wang,1
Wenming Zheng,1
Wenqiang Lei,1
Wentao Liu,1
Wentao Ouyang,1
Wen-tau Yih,1
Wen-Yi Hsiao,1
Wenzhi Chen,1
Wheeler Ruml,1
William de Beaumont,1
William Hancock,1
William J. Doyle,1
William R. Zame,1
Wilmer Bandres,1
Wissam J. Baddar,1
Wolfgang Faber,1
Wonsung Lee,1
Woosang Lim,1
Wu Liu,1
Wu-Jun Li,1
Xi Chen,1
Xi Li,1
Xi Peng,1
Xia Hu,1
Xianchao Zhang,1
Xianfeng Tang,1
Xiang Long,1
Xiang Zhang,1
Xiang Zheng,1
Xiangjie Hu,1
Xiangkai Zeng,1
Xiangliang Zhang,1
Xiangnan He,1
Xiangrong Zeng,1
Xiangwen Zhang,1
Xiangyu Wang,1
Xiankun Cui,1
Xian-Ling Mao,1
Xianpei Han,1
Xianqiao Liu,1
Xianyang Chen,1
Xiao Chu,1
Xiao Fu,1
Xiao Han,1
Xiao Huang,1
Xiao Liu,1
Xiao Zhang,1
Xiaobai Liu,1
Xiaobao Wang,1
Xiaobin Gao,1
Xiaobo Chen,1
Xiaobo Shen,1
Xiaobo Wang,1
Xiaochang Peng,1
Xiaochen Zhou,1
Xiaodong He,1
Xiaodong Li,1
Xiaodong Shi,1
Xiaofei Liu,1
Xiaofeng Zhu,1
Xiaogang Xu,1
Xiaoguang Hu,1
Xiaohan Ding,1
Xiaohan Zhao,1
Xiaohang Zhan,1
Xiaohui Bei,1
Xiaojie Guo,1
Xiaojin Zhu,1
Xiaojuan Ma,1
Xiaojun Xu,1
Xiaojun Ye,1
Xiaolin Hu,1
Xiaolin Huang,1
Xiaolin Zheng,1
Xiaoling Wang,1
Xiaolong Gong,1
Xiaolong Ma,1
Xiaolong Wang,1
Xiaoming Li,1
Xiao-ming Wu,1
Xiaonan Luo,1
Xiaoping Chen,1
Xiaoqian Wang,1
Xiaoqiang Zhu,1
Xiaoshui Huang,1
Xiaowei Hu,1
Xiaowei Xu,1
Xiaoxiao Guo,1
Xiaoxuan Lu,1
Xiaoyan Cai,1
Xiao-Yang Liu,1
Xiaoye Tan,1
Xiaoyu Shen,1
Xiatian Zhu,1
Xien Liu,1
Xilin Chen,1
Xilun Chen,1
Xin Dong,1
Xin Gao,1
Xin Huang,1
Xin Jin,1
Xin Li,1
Xin Liu,1
Xin Yao,1
Xin Zhao,1
Xingang Pan,1
Xingcheng Zhang,1
Xinghao Ding,1
Xingwei Wang,1
Xingwu Liu,1
Xingyi Duan,1
Xinpeng Chen,1
Xinrun Wang,1
Xin-Shun Xu,1
Xinwei Deng,1
Xinxiao Wu,1
Xinxin You,1
Xin-Yu Dai,1
Xinyu Wang,1
Xinyue Liu,1
Xinzhe Li,1
Xishun Wang,1
Xitong Yang,1
Xiujun Li,1
Xiulian Peng,1
Xiusi Chen,1
Xiuyi Chen,1
Xu Han,1
Xu He,1
Xu Shen,1
Xu Yang,1
Xuan Song,1
Xudong Luo,1
Xue Lin,1
Xue Yang,1
Xuehai Qian,1
Xuejian Wang,1
Xuemin Lin,1
Xueqi Cheng,1
Xuequan Lu,1
Xuezhi Cao,1
Xuezhou Zhang,1
Xufang Luo,1
Xuguang Lan,1
Xuming He,1
Xunpeng Huang,1
Xusheng Luo,1
Ya Li,1
Yabei Li,1
Yadati Narahari,1
Yahong Han,1
Yali Wang,1
Yalou Huang,1
Yan Kang,1
Yan Li,1
Yan Liu,1
Yan Sun,1
Yan Zhang,1
Yanan Sui,1
Yanchen Deng,1
Yanchun Zhang,1
Yandong Li,1
Yanfeng Sun,1
Yang Cong,1
Yang Du,1
Yang Gao,1
Yang He,1
Yang Long,1
Yang Lu,1
Yang Song,1
Yang Wu,1
Yang Yu,1
Yang Zhao,1
Yanhai Xiong,1
Yanhua Cheng,1
Yanjie Fu,1
Yanjie Wang,1
Yankai Lin,1
Yanli Liu,1
Yanmin Zhu,1
Yannan Liu,1
Yanning Zhou,1
Yannis Dimopoulos,1
Yannis Panagakis,1
Yanru Qu,1
Yanyan Shen,1
Yanzhi Wang,1
Yao Sun,1
Yaodong Yu,1
Yaohui Zhu,1
Yaojie Lu,1
YaoSheng Yang,1
Yaoyuan Zhang,1
Yaqing Zhang,1
Yash Sharma,1
Yasmine Kotturi,1
Yasushi Iwata,1
Yasushi Kawase,1
Yazhou Yao,1
Yazmín Ibáñez-García,1
Ye Li,1
Ye Liu,1
Ye Yuan,1
Yejin Choi,1
Yeng Chai Soh,1
Yen-Kuang Chen,1
Yen-Yu Lin,1
Yeon-Chang Lee,1
Yew-Soon Ong,1
Yezhou Yang,1
Yi Fang,1
Yi Li,1
Yi Luo,1
Yi Yu,1
Yi Zeng,1
Yi-An Lin,1
Yibo Zhang,1
Yichao Yan,1
Yi-Chen Chen,1
Yichi Zhou,1
Yichuan Jiang,1
Yi-Chun Chen,1
Yicong Zhou,1
Yidong Chen,1
Yifan Hu,1
Yi-Fang Brook Wu,1
Yi-Hsuan Tsai,1
Yijun Wang,1
Yiling Jia,1
Yiliu Feng,1
Yilun Chen,1
Yin Zheng,1
Ying Cai,1
Ying Fan,1
Ying Li,1
Ying Sheng,1
Ying Su,1
Ying Zeng,1
Yingce Xia,1
Yingying Chen,1
Yiping Song,1
Yiren Zhou,1
Yi-Shin Chen,1
Yisong Yue,1
Yitian Jia,1
Yitong Li,1
Yiu-ming Cheung,1
Yiwei Bai,1
Yiwei Zhang,1
Yixin Zhu,1
Yixing Li,1
Yi-Zhe Song,1
Yizhou Wang,1
Yonatan Aumann,1
Yonatan Bisk,1
Yong Dou,1
Yong Fan,1
Yong Guo,1
Yong Jiang,1
Yong Man Ro,1
Yong Rui,1
Yong Wang,1
Yongli Hu,1
Yongliang Wang,1
Yong-Siang Shih,1
Yongxin Yang,1
Yongyi Mao,1
Yongzhen Huang,1
Yongzhuang Wang,1
Yoonho Hwang,1
Yoshihiko Hasegawa,1
Yoshiyuki Kobayashi,1
Youhei Akimoto,1
Youjiang Xu,1
You-Lu Xing,1
Young Lee,1
Youngjae Yu,1
Youngsung Kim,1
Youyi Song,1
Yu Chen,1
Yu Cheng,1
Yu Hasegawa,1
Yu Kong,1
Yu Su,1
Yu Wang,1
Yu Yin,1
Yu Zheng,1
Yuan Gao,1
Yuan Jiang,1
Yuan Liu,1
Yuan Xie,1
Yuan Zhang,1
Yuanbin Wu,1
Yuanfang Guo,1
Yuanhong Wang,1
Yuanhua Lv,1
Yuanjun Xiong,1
Yuanxin Xiang,1
Yuanyuan Jin,1
Yubo Chen,1
Yubo Zhang,1
Yucheng Wang,1
Yu-Chiang Frank Wang,1
Yuding Liang,1
Yue Cao,1
Yue He,1
Yue Hu,1
Yue Huang,1
Yue Qin,1
Yueh-Hua Wu,1
Yueting Zhang,1
Yuexin Wu,1
Yufei Dong,1
Yufeng Yin,1
Yugang Wang,1
Yuhang He,1
Yuhang Lu,1
Yuhong Guo,1
Yuhui Xu,1
Yuichi Yoshida,1
Yujia Shen,1
Yujie Chi,1
Yukino Baba,1
Yukun Ma,1
Yukyung Choi,1
Yuliang Liu,1
Yuliang Xiu,1
Yuming Shen,1
Yun Chen,1
Yun Zhong,1
Yunbo Cao,1
Yunchao Wei,1
Yuncheng Jiang,1
Yunhe Wang,1
Yunhong Wang,1
Yunsong Li,1
Yuntao Chen,1
Yunxin Zhao,1
Yuqi Ju,1
Yuri Grinberg,1
Yuri Owechko,1
Yu-Siang Huang,1
Yusuf Izmirlioglu,1
Yuwei Wang,1
Yuwei Wu,1
Yuxiang Wu,1
Yuxiao Guo,1
Yuxin Peng,1
Yuxuan Wang,1
Yuyang Gao,1
Yuyao Feng,1
Yuyu Zhang,1
Yvette Graham,1
Zachary Lipton,1
Zan Gao,1
Ze Wang,1
Zechao Li,1
Zemin Liu,1
Zeming Li,1
Zepeng Huo,1
Zesheng Dou,1
Zexuan Zhong,1
Zhan Su,1
Zhangyang Wang,1
Zhao Chen,1
Zhao Kang,1
Zhaonan Sun,1
Zhaopeng Tu,1
Zhaorong Lai,1
Zhe Gan,1
Zhe Li,1
Zhe Wu,1
Zhefeng Gong,1
Zhen Cui,1
Zhen Jia,1
Zhen Qin,1
Zhen Wu,1
Zhen-Duo Chen,1
Zheng Li,1
Zheng Lin,1
Zheng Qin,1
Zheng Xie,1
Zheng Xu,1
Zheng Yuan,1
Zhengchao Liu,1
Zhengchao Zhao,1
Zhenghua Li,1
Zhengqiu He,1
Zhenguang Liu,1
Zhengyang Liu,1
Zhenheng Yang,1
Zhenhui Li,1
Zhenjie Zhang,1
Zhenmin Tang,1
Zhenpei Yang,1
Zhenxin Fu,1
Zhenyu Liu,1
Zhi Wang,1
Zhibing Zhao,1
Zhibo Chen,1
Zhichao Han,1
Zhifei Zhang,1
Zhifeng Hao,1
Zhigang Deng,1
Zhigang Ma,1
Zhiguo Wang,1
Zhihua Zhang,1
Zhijian Liu,1
Zhikang Fu,1
Zhirui Zhang,1
Zhisong Zhang,1
Zhitao Wang,1
Zhiwei Liu,1
Zhiwen Fan,1
Zhiwu Huang,1
Zhixian Yan,1
Zhixing Tan,1
Zhiyang He,1
Zhiyong Feng,1
Zhi-Yong Ran,1
Zhiyong Yang,1
Zhiyu Min,1
Zhizheng Zhang,1
Zhongang Qi,1
Zhongjun He,1
Zhongliang Li,1
Zhongyi Pei,1
Zhou Zhao,1
Zhouchen Lin,1
Zhourui Song,1
Zhouxia Wang,1
Zhu Cao,1
Zhuanghua Liu,1
Zhuo Li,1
Zichang Wang,1
Zichuan Liu,1
Zihao Xiao,1
Zijia Lin,1
Zilei Wang,1
Zipei Fan,1
Ziqi Liu,1
Ziqiang Cao,1
Ziwei Lin,1
Ziwei Liu,1
Ziwei Yu,1
Ziwei Zhang,1
Ziyu Chen,1
Ziyu Guan,1
Zizhao Zhang,1
Zoi Terzopoulou,1
Zongben Xu,1
Zongtao Liu,1
Zongyi Li,1
Zongzuo Wang,1
Zornitsa Kozareva,1
Zoubin Ghahramani,1
Zuozhu Liu,1
Éloi Zablocki,1
